Requirements;Description;Requirement Specification;Component;Test ID;REC-Nr. Specification;Related Specification;REC-Nr. (related Spec.);<- Verification of Implementation Spec.;<- Verification of Implementation related Spec
UR-027;The user must be able to see the initialization status of the system;HPSRS-010;Host PC;VERIF-HPC-001;REC-00937, REC-00938, REC-00729, REC-00730;;;PIO22RM-041;
;;SSRS-MPA-016;MPA;T-UI-MPA-016 ;REC-00884;;;;
;;SSRS-MPA-017;MPA;T-UI-MPA-017 ;REC-00884;;;;
;;SSRS-MPA-019;MPA;T-UI-MPA-019 ;REC-00884;;;;
;;SSRS-MPA-023;MPA;T-UI-MPA-023 ;REC-00884;;;;
;;SSRS-MPA-129;"MPC
";"
T-SF-MPA-001

T-SF-MPA-002";REC-00863;;;PIO22RM-015-2;
;;;;;;;;PIO22RM-016-2;
;;SSRS-MPA-130;"MPA, MPC

";"T-SF-MPA-003

T-SF-MPA-004";REC-00884, REC-00863;;;PIO22RM-015-2;
;;;;;;;;PIO22RM-016-2;
;;SSRS-MPA-131;MPA, MPC;T-SF-MPA-004;REC-00884, REC-00863;;;PIO22RM-015-2;
;;;;;;;;PIO22RM-016-2;
;;;;;;;;PIO22RM-024-2;
;;SSRS-MPA-132;"MPC

";T-SF-MPA-005;REC-00863;;;PIO22RM-015-2;
;;;;;;;;PIO22RM-016-2;
;;XY-FW-002;;;"REC-00085 REC-00263
REC-00901
REC-00227";;;;
;;XY-FW-020;;;"REC-00085 REC-00263
REC-00901
REC-00227";XY-FW-003;"REC-00085 REC-00263
REC-00901
REC-00227";;
;;Z-FW-002;;;", REC-00520
, REC-00227";;;;
;;Z-FW-020;;;", REC-00520
, REC-00227";Z-FW-003;", REC-00520
, REC-00227";;
;;Z-FW-058;;;, REC-00520;;;;
UR-028;The user must be able to see that the startup was successful.;SSRS-MPA-025;MPA;T-UI-MPA-025 ;REC-00884;;;;
;;SSRS-MPA-130;"MPA, MPC

";"T-SF-MPA-003

T-SF-MPA-004";REC-00884, REC-00863;;;PIO22RM-015-2;
;;;;;;;;PIO22RM-016-2;
;;SSRS-MPA-132;"MPC

";T-SF-MPA-005;REC-00863;;;PIO22RM-015-2;
;;;;;;;;PIO22RM-016-2;
UR-029;The user must receive a message on how to solve and/or to react on an initialization error.;SSRS-MPA-018;MPA;T-UI-MPA-018 ;REC-00884;;;;
;;SSRS-MPA-020;MPA;T-UI-MPA-020 ;REC-00884;;;;
;;SSRS-MPA-021;MPA;T-UI-MPA-021 ;REC-00884;;;;
;;SSRS-MPA-022;MPA;T-UI-MPA-022 ;REC-00884;;;;
;;SSRS-MPA-024;MPA;T-UI-MPA-024 ;REC-00884;;;;
;;SSRS-MPA-129;"MPC
";"
T-SF-MPA-001

T-SF-MPA-002";REC-00863;;;PIO22RM-015-2;
;;;;;;;;PIO22RM-016-2;
;;SSRS-MPA-130;"MPA, MPC

";"T-SF-MPA-003

T-SF-MPA-004";REC-00884, REC-00863;;;PIO22RM-015-2;
;;;;;;;;PIO22RM-016-2;
;;SSRS-MPA-131;MPA, MPC;T-SF-MPA-004;REC-00884, REC-00863;;;PIO22RM-015-2;
;;;;;;;;PIO22RM-016-2;
;;;;;;;;PIO22RM-024-2;
;;SSRS-MPA-132;"MPC

";T-SF-MPA-005;REC-00863;;;PIO22RM-015-2;
;;;;;;;;PIO22RM-016-2;
UR-030;With the system the user must be able to insert multiple slides at once.;TRAY-012;;;REC-00895;;;;
;;XY-MECH-001;;;REC-00514;;;;
UR-031;With the system the user must be able to place slides even and plane.;TRAY-012;;;REC-00895;;;;
UR-032;With the system the user must be able to handle slides without spillage.;TRAY-012;;;REC-00895;;;;
UR-033;With the system the user must be able to understand the correct insertion of the slides.;SSRS-MPA-028;MPA;T-UI-MPA-028 ;REC-00884;;;;
;;SSRS-MPA-029;MPA;T-UI-MPA-029 ;REC-00884;;;PIO22RM-032;
;;TRAY-012;;;REC-00895;;;;
UR-035;With the system the user must be able to to receive an overview image for each slide in the system.;OP-OV-001;;T-IB-MPA-004;REC-00539;;;;
;;SSRS-MPA-026;MPA;T-UI-MPA-026 ;REC-00884;;;;
;;SSRS-MPA-261;"MPA
";T-UI-MPA-030;REC-00884;;;;
;;SSRS-MPA-052;MPA-SIP;T-UI-MPA-RSP-028;REC-00884;;;;
;;SSRS-MPA-136;"MPA
";"
T-SF-MPA-008

T-SF-MPA-009

T-SF-MPA-010

T-SF-MPA-011

T-SF-MPA-012

T-SF-MPA-013";REC-00884;;;;
;;SSRS-MPA-137;"	
MPA
";"
T-SF-MPA-008

T-SF-MPA-009

T-SF-MPA-010

T-SF-MPA-011

T-SF-MPA-012

T-SF-MPA-013";REC-00884;;;;
;;SSRS-MPA-138;"MPA
";"
T-SF-MPA-008

T-SF-MPA-009

T-SF-MPA-010

T-SF-MPA-011

T-SF-MPA-012";REC-00884;;;;
;;SSRS-MPA-139;"	
MPA";"T-SF-MPA-009

T-SF-MPA-010

T-SF-MPA-011

T-SF-MPA-012";"REC-00884
";;;;
;;SSRS-MPA-140;MPA;"T-SF-MPA-009

T-SF-MPA-010

T-SF-MPA-011

T-SF-MPA-012";REC-00884;;;;
;;SSRS-MPA-141;MPA;T-SF-MPA-011;REC-00884;;;;
;;SSRS-MPA-142;MPA;"T-SF-MPA-011

T-SF-MPA-013";REC-00884;;;;
;;SSRS-MPA-143;MPA;"T-SF-MPA-011

T-SF-MPA-013";REC-00884;;;;
;;SSRS-MPA-144;MPA;T-SF-MPA-008;REC-00884;;;;
;;SSRS-MPA-145;MPA;"T-SF-MPA-016

T-SF-MPA-018";REC-00884;;;;
;;SSRS-MPA-148;MPA;T-SF-MPA-015;REC-00884;;;;
;;SSRS-MPA-149;MPA;T-SF-MPA-015;REC-00884;;;PIO22RM-030;
;;SSRS-MPA-160;"MPA, MPC
";"T-SF-MPA-014

T-SF-MPA-019";REC-00884, REC-00863;;;;
;;SSRS-MPA-161;"	
MPC";T-SF-MPA-020;REC-00863;;;;
;;SSRS-MPA-162;"	
MPC";T-SF-MPA-021;REC-00863;;;;
;;SSRS-MPA-163;"	
MPC";T-SF-MPA-022;REC-00863;;;;
;;SSRS-MPA-164;"	
MPC";T-SF-MPA-023;REC-00863;;;;
;;SSRS-MPA-165;MPA, MPC;"T-SF-MPA-014

T-SF-MPA-015";REC-00884, REC-00863;;;;
;;SSRS-MPA-166;MPA, PPI;T-SF-MPA-024;REC-00884, REC-00737;;;;
;;SSRS-MPA-167;MPA, MPC;"T-SF-MPA-025

T-SF-MPA-026

T-INT-MPNG-020

T-INT-MPNG-021

T-INT-MPNG-022";REC-00884, REC-00863;;;;
;;XY-EL-003;;;REC-00065;;;;
;;XY-FW-010;;;"REC-00085 REC-00263
REC-00901
REC-00227";XY-FW-011;"REC-00085 REC-00263
REC-00901
REC-00227";;
;;;;;;XY-FW-012;"REC-00085 REC-00263
REC-00901";;PIO22RM-037
;;;;;;;;;PIO22RM-054
;;;;;;XY-FW-013;"REC-00085 REC-00263
REC-00901";;
;;;;;;XY-FW-014;"REC-00085 REC-00263
REC-00901
REC-00227";;
;;;;;;XY-FW-033;"REC-00085 REC-00263
REC-00901";;
;;;;;;XY-FW-051;"REC-00085 REC-00263
REC-00901";;
;;Z-EL-003;;;REC-00072;;;;
;;Z-MECH-003;;;, , REC-00517;;;;
UR-036;With the system the user must be able to quickly receive an overview image.;OP-OV-002;;;",
REC-00906
REC-00539 REC-00065";;;;
;;SSRS-MPA-027;MPA;T-UI-MPA-027 ;REC-00884;;;;
;;SSRS-MPA-032;"MPA

 ";"T-UI-MPA-032 T-IB-MPA-005

T-IB-MPA-006";REC-00884;;;;
;;SSRS-MPA-040;"MPA-SIP

";"T-UI-MPA-RSP-014

T-IB-MPA-RSP-018";REC-00884;;;;
;;SSRS-MPA-133;MPA;T-SF-MPA-006;REC-00884;;;;
;;SSRS-MPA-134;MPC;T-INT-MPNG-023;REC-00863;;;PIO22RM-028;
;;SSRS-MPA-135;MPC;T-SF-MPA-006;REC-00863;;;;
;;SSRS-MPA-145;MPA;"T-SF-MPA-016

T-SF-MPA-018";REC-00884;;;;
;;SSRS-MPA-146;MPA;"T-IB-MPA-026

T-IB-MPA-027

T-SF-MPA-017

T-SF-MPA-019";REC-00884;;;;
;;SSRS-MPA-147;MPA;T-SF-MPA-014;REC-00884;;;;
;;SSRS-MPA-148;MPA;T-SF-MPA-015;REC-00884;;;;
;;SSRS-MPA-149;MPA;T-SF-MPA-015;REC-00884;;;PIO22RM-030;
;;SSRS-MPA-150;MPA;T-SF-MPA-015;REC-00884;;;;
;;XY-FW-010;;;"REC-00085 REC-00263
REC-00901
REC-00227";XY-FW-011;"REC-00085 REC-00263
REC-00901
REC-00227";;
;;;;;;XY-FW-012;"REC-00085 REC-00263
REC-00901";;PIO22RM-037
;;;;;;;;;PIO22RM-054
;;;;;;XY-FW-013;"REC-00085 REC-00263
REC-00901";;
;;;;;;XY-FW-014;"REC-00085 REC-00263
REC-00901
REC-00227";;
;;;;;;XY-FW-033;"REC-00085 REC-00263
REC-00901";;
;;;;;;XY-FW-051;"REC-00085 REC-00263
REC-00901";;
;;XY-FW-015;;;"REC-00085 REC-00263
REC-00901";XY-FW-100;"REC-00085 REC-00263
REC-00901";;
;;Z-FW-010;;;", REC-00520
, REC-00227";Z-FW-011;", REC-00520
, REC-00227";;
;;;;;;Z-FW-012;, REC-00520;;PIO22RM-037
;;;;;;Z-FW-013;", REC-00520
, REC-00227";;
;;;;;;Z-FW-014;", REC-00520
, REC-00227";;
;;;;;;Z-FW-051;, REC-00520;;
UR-038;With the system the user must be able to see an overview of all overview images.;SSRS-MPA-031;"MPA

"; T-UI-MPA-031 T-IB-MPA-003;REC-00884;;;;
;;SSRS-MPA-050;MPA-SIP;T-UI-MPA-RSP-026;REC-00884;;;;
;;SSRS-MPA-052;MPA-SIP;T-UI-MPA-RSP-028;REC-00884;;;;
UR-039;With the system the user must be able to navigate between slides referred by overview images.;SSRS-MPA-053;"	
MPA-SIP

";"T-UI-MPA-RSP-029

T-IB-MPA-RSP-001

T-IB-MPA-RSP-002";REC-00884;;;;
;;SSRS-MPA-137;"	
MPA
";"
T-SF-MPA-008

T-SF-MPA-009

T-SF-MPA-010

T-SF-MPA-011

T-SF-MPA-012

T-SF-MPA-013";REC-00884;;;;
;;SSRS-MPA-138;"MPA
";"
T-SF-MPA-008

T-SF-MPA-009

T-SF-MPA-010

T-SF-MPA-011

T-SF-MPA-012";REC-00884;;;;
;;SSRS-MPA-139;"MPA

";"T-SF-MPA-009

T-SF-MPA-010

T-SF-MPA-011

T-SF-MPA-012";REC-00884;;;;
;;SSRS-MPA-140;MPA;"T-SF-MPA-009

T-SF-MPA-010

T-SF-MPA-011

T-SF-MPA-012";REC-00884;;;;
;;SSRS-MPA-141;MPA;T-SF-MPA-011;REC-00884;;;;
UR-041;With the system the user must be able to navigate to an ROI using the overview image.;SSRS-MPA-048;MPA-SIP;T-UI-MPA-RSP-024;REC-00884;;;;
;;SSRS-MPA-049;MPA-SIP;T-UI-MPA-RSP-025;REC-00884;;;;
;;XY-FW-010;;;"REC-00085 REC-00263
REC-00901
REC-00227";XY-FW-011;"REC-00085 REC-00263
REC-00901
REC-00227";;
;;;;;;XY-FW-012;"REC-00085 REC-00263
REC-00901";;PIO22RM-037
;;;;;;;;;PIO22RM-054
;;;;;;XY-FW-013;"REC-00085 REC-00263
REC-00901";;
;;;;;;XY-FW-014;"REC-00085 REC-00263
REC-00901
REC-00227";;
;;;;;;XY-FW-033;"REC-00085 REC-00263
REC-00901";;
;;;;;;XY-FW-051;"REC-00085 REC-00263
REC-00901";;
;;XY-FW-015;;;"REC-00085 REC-00263
REC-00901";XY-FW-100;"REC-00085 REC-00263
REC-00901";;
UR-043;With the system the user must be able to view a slide label independently.;SSRS-MPA-051;"MPA-SIP
";"
T-UI-MPA-RSP-027

T-IB-MPA-RSP-003

T-IB-MPA-RSP-004

T-IB-MPA-RSP-005

T-IB-MPA-RSP-006";REC-00884;;;;
UR-044;With the system the user must be able to rotate the slide label to its correct orientation.;SSRS-MPA-051;"MPA-SIP
";"
T-UI-MPA-RSP-027

T-IB-MPA-RSP-003

T-IB-MPA-RSP-004

T-IB-MPA-RSP-005

T-IB-MPA-RSP-006";REC-00884;;;;
UR-046;With the system the user must be able to receive a digital microscopic magnified image.;OP-MB-001;;;REC-00539;;;;
;;OP-MB-007;;;REC-00539;;;;
;;OP-MB-009;;;REC-00539;;;;
;;S-EL-001;;;"REC-00085 REC-00263
REC-00901
REC-00520";;;;
;;SRS-AM-001;;;REC-00042 REC-00043 REC-00044 REC-00045;;;;
;;SRS-AM-002;;;REC-00042 REC-00043 REC-00044 REC-00045;;;;
;;SRS-AM-003;;;REC-00042 REC-00043 REC-00044 REC-00045;;;PIO22RM-042;
;;SRS-AM-004;;;REC-00042 REC-00043 REC-00044 REC-00045;;;;
;;SRS-AM-005;;;REC-00042 REC-00043 REC-00044 REC-00045;;;;
;;SRS-AM-006;;;REC-00042 REC-00043 REC-00044 REC-00045;;;PIO22RM-043;
;;SRS-AM-007;;;REC-00042 REC-00043 REC-00044 REC-00045;;;;
;;SRS-AM-008;;;REC-00042 REC-00043 REC-00044 REC-00045;;;;
;;SSRS-MPA-125;MPA-SIP;T-S-MPA-RSP-005;REC-00884;;;;
;;SSRS-MPA-151;MPA-SIP;"T-IB-MPA-RSP-022

T-IB-MPA-RSP-023

T-IB-MPA-RSP-024

T-IB-MPA-RSP-025

T-IB-MPA-RSP-026

T-IB-MPA-RSP-027

T-IB-MPA-RSP-028

T-SF-MPA-RSP-031";REC-00884;;;;
;;SSRS-MPA-152;"	
MPA-SIP, MPC";"T-SF-MPA-RSP-034

T-SF-MPA-RSP-037";REC-00884, REC-00863;;;;
;;SSRS-MPA-153;MPA-SIP;"T-SF-MPA-RSP-032

T-INT-MPNG-014

T-INT-MPNG-015";REC-00884;;;;
;;SSRS-MPA-154;MPA-SIP;"	
T-SF-MPA-RSP-037

T-SF-MPA-RSP-038";REC-00884;;;;
;;SSRS-MPA-155;MPA-SIP;T-SF-MPA-RSP-031;REC-00884;;;;
;;SSRS-MPA-156;MPA-SIP;T-SF-MPA-RSP-036;REC-00884;;;;
;;XY-FW-010;;;"REC-00085 REC-00263
REC-00901
REC-00227";XY-FW-011;"REC-00085 REC-00263
REC-00901
REC-00227";;
;;;;;;XY-FW-012;"REC-00085 REC-00263
REC-00901";;PIO22RM-037
;;;;;;;;;PIO22RM-054
;;;;;;XY-FW-013;"REC-00085 REC-00263
REC-00901";;
;;;;;;XY-FW-014;"REC-00085 REC-00263
REC-00901
REC-00227";;
;;;;;;XY-FW-033;"REC-00085 REC-00263
REC-00901";;
;;;;;;XY-FW-051;"REC-00085 REC-00263
REC-00901";;
;;XY-FW-015;;;"REC-00085 REC-00263
REC-00901";XY-FW-100;"REC-00085 REC-00263
REC-00901";;
;;Z-EL-006;;;, REC-00520;;;PIO22RM-017;
;;Z-EL-007;;;REC-00076;;;;
;;Z-EL-008;;;REC-00317;;;;
;;Z-EL-009;;;REC-00078;;;;
UR-047;With the system the user must be able to magnify the sample to a degree that provides enough detail for his analytic question.;OP-MB-002;;;"REC-00906
REC-00539";;;;
;;OP-MB-008;;;REC-00539;;;;
;;OP-MB-010;;;REC-00539;;;;
;;SSRS-MPA-098;MPC;T-INT-MPNG-010;REC-00863;;;;
;;SSRS-MPA-125;MPA-SIP;T-S-MPA-RSP-005;REC-00884;;;;
;;SSRS-MPA-152;"	
MPA-SIP, MPC";"T-SF-MPA-RSP-034

T-SF-MPA-RSP-037";REC-00884, REC-00863;;;;
;;SSRS-MPA-153;MPA-SIP;"T-SF-MPA-RSP-032

T-INT-MPNG-014

T-INT-MPNG-015";REC-00884;;;;
;;SSRS-MPA-154;MPA-SIP;"	
T-SF-MPA-RSP-037

T-SF-MPA-RSP-038";REC-00884;;;;
;;SSRS-MPA-155;MPA-SIP;T-SF-MPA-RSP-031;REC-00884;;;;
;;SSRS-MPA-156;MPA-SIP;T-SF-MPA-RSP-036;REC-00884;;;;
UR-048;With the system the user must be able to seamlessly zoom into the sample.;OP-MB-003;;;REC-00539;;;;
;;SSRS-MPA-043;MPA-SIP;T-UI-MPA-RSP-019;REC-00884;;;;
;;SSRS-MPA-044;MPA-SIP;T-UI-MPA-RSP-020;REC-00884;;;;
;;SSRS-MPA-045;MPA-SIP;T-UI-MPA-RSP-021;REC-00884;;;;
;;SSRS-MPA-046;MPA-SIP;T-UI-MPA-RSP-022;REC-00884;;;PIO22RM-031;
;;SSRS-MPA-098;MPC;T-INT-MPNG-010;REC-00863;;;;
;;SSRS-MPA-125;MPA-SIP;T-S-MPA-RSP-005;REC-00884;;;;
;;SSRS-MPA-152;"	
MPA-SIP, MPC";"T-SF-MPA-RSP-034

T-SF-MPA-RSP-037";REC-00884, REC-00863;;;;
;;SSRS-MPA-153;MPA-SIP;"T-SF-MPA-RSP-032

T-INT-MPNG-014

T-INT-MPNG-015";REC-00884;;;;
;;SSRS-MPA-154;MPA-SIP;"	
T-SF-MPA-RSP-037

T-SF-MPA-RSP-038";REC-00884;;;;
;;SSRS-MPA-155;MPA-SIP;T-SF-MPA-RSP-031;REC-00884;;;;
;;SSRS-MPA-156;MPA-SIP;T-SF-MPA-RSP-036;REC-00884;;;;
UR-049;With the system the user must be able to navigate to ROI (Region of Interest) positions on the sample.;S-EL-001;;;"REC-00085 REC-00263
REC-00901
REC-00520";;;;
;;SSRS-MPA-043;MPA-SIP;T-UI-MPA-RSP-019;REC-00884;;;;
;;SSRS-MPA-125;MPA-SIP;T-S-MPA-RSP-005;REC-00884;;;;
;;SSRS-MPA-152;"	
MPA-SIP, MPC";"T-SF-MPA-RSP-034

T-SF-MPA-RSP-037";REC-00884, REC-00863;;;;
;;SSRS-MPA-153;MPA-SIP;"T-SF-MPA-RSP-032

T-INT-MPNG-014

T-INT-MPNG-015";REC-00884;;;;
;;SSRS-MPA-154;MPA-SIP;"	
T-SF-MPA-RSP-037

T-SF-MPA-RSP-038";REC-00884;;;;
;;SSRS-MPA-155;MPA-SIP;T-SF-MPA-RSP-031;REC-00884;;;;
;;SSRS-MPA-156;MPA-SIP;T-SF-MPA-RSP-036;REC-00884;;;;
;;XY-EL-001;;;REC-00316;;;;
;;XY-EL-004;;;REC-00078;;;;
;;XY-EL-005;;;"REC-00085 REC-00263
REC-00901";;;PIO22RM-017;
;;XY-FW-010;;;"REC-00085 REC-00263
REC-00901
REC-00227";XY-FW-011;"REC-00085 REC-00263
REC-00901
REC-00227";;
;;;;;;XY-FW-012;"REC-00085 REC-00263
REC-00901";;PIO22RM-037
;;;;;;;;;PIO22RM-054
;;;;;;XY-FW-013;"REC-00085 REC-00263
REC-00901";;
;;;;;;XY-FW-014;"REC-00085 REC-00263
REC-00901
REC-00227";;
;;;;;;XY-FW-033;"REC-00085 REC-00263
REC-00901";;
;;;;;;XY-FW-051;"REC-00085 REC-00263
REC-00901";;
;;XY-FW-015;;;"REC-00085 REC-00263
REC-00901";XY-FW-100;"REC-00085 REC-00263
REC-00901";;
;;Z-FW-010;;;", REC-00520
, REC-00227";Z-FW-011;", REC-00520
, REC-00227";;
;;;;;;Z-FW-012;, REC-00520;;PIO22RM-037
;;;;;;Z-FW-013;", REC-00520
, REC-00227";;
;;;;;;Z-FW-014;", REC-00520
, REC-00227";;
;;;;;;Z-FW-051;, REC-00520;;
UR-050;With the system the user must be able to quickly select a specific magnification level.;OP-MB-003;;;REC-00539;;;;
;;SSRS-MPA-262;MPA-SIP;"	
T-UI-MPA-RSP-005

T-IB-MPA-RSP-029

T-IB-MPA-RSP-030

T-IB-MPA-RSP-031";REC-00884;;;;
UR-051;With the system the user must be able to digitally magnify the sample image into empty magnification.;SSRS-MPA-262;MPA-SIP;"	
T-UI-MPA-RSP-005

T-IB-MPA-RSP-029

T-IB-MPA-RSP-030

T-IB-MPA-RSP-031";REC-00884;;;;
;;SSRS-MPA-046;MPA-SIP;T-UI-MPA-RSP-022;REC-00884;;;PIO22RM-031;
;;SSRS-MPA-152;"	
MPA-SIP, MPC";"T-SF-MPA-RSP-034

T-SF-MPA-RSP-037";REC-00884, REC-00863;;;;
UR-052;With the system the user must be able to see when a digital zoomed into empty magnification.;SSRS-MPA-046;MPA-SIP;T-UI-MPA-RSP-022;REC-00884;;;PIO22RM-031;
UR-053;With the system the user must be able to automatically focus the sample.;S-EL-001;;T-SF-MPA-007;"REC-00085 REC-00263
REC-00901
REC-00520";;;;
;;SSRS-MPA-035;"MPA-SIP

";"T-UI-MPA-RSP-007

T-IB-MPA-RSP-010";REC-00884;;;;
;;SSRS-MPA-062;MPA-SIP;T-UI-MPA-RSP-038;REC-00884;;;;
;;SSRS-MPA-066;MPA-SIP;T-UI-MPA-RSP-042;REC-00884;;;;
;;SSRS-MPA-177;"	
MPA-SIP";"	
T-IB-MPA-RSP-010

T-SF-MPA-RSP-007";REC-00884;;;PIO22RM-033;
;;SSRS-MPA-178;"	
MPA-SIP";"	
T-SF-MPA-RSP-008";REC-00884;;;;
;;SSRS-MPA-179;"	
MPA-SIP";"T-IB-MPA-RSP-011

T-SF-MPA-RSP-009";REC-00884;;;;
;;SSRS-MPA-180;"	
MPC";"T-INT-MPNG-013

T-INT-MPNG-016";REC-00863;;;;
;;SSRS-MPA-181;"MPA
";"T-SF-MPA-RSP-010

T-SF-MPA-RSP-011

T-SF-MPA-RSP-014

T-SF-MPA-RSP-015";REC-00884;;;;
;;SSRS-MPA-182;"MPA
";"	
T-SF-MPA-RSP-012";REC-00884;;;;
;;SSRS-MPA-183;"	
MPC";T-PERF-SYS-005;REC-00863;;;;
;;SSRS-MPA-184;MPC;"	
T-INT-MPNG-013";REC-00863;;;;
;;SSRS-MPA-185;"MPA
";"T-SF-MPA-RSP-013
";REC-00884;;;;
;;Z-EL-005;;;REC-00074;;;;
;;Z-EL-008;;;REC-00317;;;;
;;Z-EL-009;;;REC-00078;;;;
;;Z-FW-010;;;", REC-00520
, REC-00227";Z-FW-011;", REC-00520
, REC-00227";;
;;;;;;Z-FW-012;, REC-00520;;PIO22RM-037
;;;;;;Z-FW-013;", REC-00520
, REC-00227";;
;;;;;;Z-FW-014;", REC-00520
, REC-00227";;
;;;;;;Z-FW-051;, REC-00520;;
;;Z-FW-015;;;, REC-00520;Z-FW-103;, REC-00520;;
;;;;;;Z-FW-104;, REC-00520;;
;;Z-FW-054;;;, REC-00520;;;;
;;Z-FW-059;;;, REC-00520;Z-FW-056;, REC-00520;;
UR-054;With the system the user must be able to manually adjust the focus.;S-EL-001;;;"REC-00085 REC-00263
REC-00901
REC-00520";;;;
;;SSRS-MPA-036;"MPA-SIP

";"T-UI-MPA-RSP-008

T-IB-MPA-RSP-012";REC-00884;;;;
;;SSRS-MPA-062;MPA-SIP;T-UI-MPA-RSP-038;REC-00884;;;;
;;SSRS-MPA-063;"MPA-SIP
";"
T-UI-MPA-RSP-039

T-IB-MPA-RSP-032

T-IB-MPA-RSP-033

T-IB-MPA-RSP-034

T-IB-MPA-RSP-035

T-IB-MPA-RSP-036

T-IB-MPA-RSP-038";REC-00884;;;;
;;SSRS-MPA-064;MPA-SIP;T-UI-MPA-RSP-040;REC-00884;;;;
;;SSRS-MPA-065;"MPA-SIP
";"
T-UI-MPA-RSP-041

T-IB-MPA-RSP-037";REC-00884;;;;
;;SSRS-MPA-066;MPA-SIP;T-UI-MPA-RSP-042;REC-00884;;;;
;;SSRS-MPA-186;MPA-SIP;"	
T-IB-MPA-RSP-012

T-SF-MPA-RSP-016";REC-00884;;;;
;;SSRS-MPA-187;"	
MPA-SIP"; T-SF-MPA-RSP-016;REC-00884;;;;
;;SSRS-MPA-188;MPA-SIP;"T-SF-MPA-RSP-017

T-SF-MPA-RSP-018";REC-00884;;;;
;;SSRS-MPA-189;MPA-SIP;"T-SF-MPA-RSP-016

T-SF-MPA-RSP-019";REC-00884;;;;
;;SSRS-MPA-190;MPA-SIP;T-SF-MPA-RSP-020;REC-00884;;;;
;;SSRS-MPA-191;MPA-SIP;T-SF-MPA-RSP-021;REC-00884;;;;
;;SSRS-MPA-192;MPA-SIP;T-SF-MPA-RSP-021;REC-00884;;;;
;;SSRS-MPA-193;MPA-SIP;T-SF-MPA-RSP-021;REC-00884;;;;
;;Z-EL-005;;;REC-00074;;;;
;;Z-EL-007;;;REC-00076;;;;
;;Z-EL-008;;;REC-00317;;;;
;;Z-EL-009;;;REC-00078;;;;
;;Z-FW-010;;;", REC-00520
, REC-00227";Z-FW-011;", REC-00520
, REC-00227";;
;;;;;;Z-FW-012;, REC-00520;;PIO22RM-037
;;;;;;Z-FW-013;", REC-00520
, REC-00227";;
;;;;;;Z-FW-014;", REC-00520
, REC-00227";;
;;;;;;Z-FW-051;, REC-00520;;
;;Z-FW-015;;;, REC-00520;Z-FW-103;, REC-00520;;
;;;;;;Z-FW-104;, REC-00520;;
;;Z-FW-054;;;, REC-00520;;;;
;;Z-FW-059;;;, REC-00520;Z-FW-056;, REC-00520;;
UR-055;With the system the user must be able to adjust the image illumination of digital microscopic magnified image.;SSRS-MPA-034;"MPA-SIP
";"
T-UI-MPA-RSP-006

T-IB-MPA-RSP-007";REC-00884;;;;
;;SSRS-MPA-062;MPA-SIP;T-UI-MPA-RSP-038;REC-00884;;;;
;;SSRS-MPA-064;MPA-SIP;T-UI-MPA-RSP-040;REC-00884;;;;
;;SSRS-MPA-066;MPA-SIP;T-UI-MPA-RSP-042;REC-00884;;;;
;;SSRS-MPA-122;MPA;T-S-MPA-010;REC-00884;;;;
;;SSRS-MPA-123;MPA;T-S-MPA-008;REC-00884;;;;
;;SSRS-MPA-124;MPA;T-S-MPA-009;REC-00884;;;;
;;SSRS-MPA-168;MPA;"	
T-IB-MPA-RSP-007

T-SF-MPA-RSP-001";REC-00884;;;;
;;SSRS-MPA-169;MPA;T-SF-MPA-RSP-006;REC-00884;;;;
;;SSRS-MPA-170;MPA;T-SF-MPA-RSP-001;REC-00884;;;;
;;SSRS-MPA-171;MPA;"T-IB-MPA-RSP-008

T-IB-MPA-RSP-009

T-SF-MPA-RSP-002";REC-00884;;;;
;;SSRS-MPA-172;MPA;T-SF-MPA-RSP-003;REC-00884;;;;
;;SSRS-MPA-173;MPA;"	
T-INT-MPNG-014

T-INT-MPNG-019";REC-00884;;;;
;;SSRS-MPA-174;PPI;"T-INT-MPNG-017

T-INT-MPNG-018";REC-00737;;;;
;;SSRS-MPA-175;MPA;"	
T-SF-MPA-RSP-004";REC-00884;;;;
;;SSRS-MPA-176;MPA;"	
T-SF-MPA-RSP-005";REC-00884;;;;
;;XY-FW-026;;;"REC-00085 REC-00263
REC-00901
REC-00227";;;;
;;Z-EL-001;;;REC-00068;;;;
;;Z-FW-023;;;", REC-00520
, REC-00227";;;;
UR-056;With the system the user must be able to access information that explains how system features are intended to be used.;SSRS-MPA-064;MPA-SIP;T-UI-MPA-RSP-040;REC-00884;;;;
;;SSRS-MPA-205;MPA-SIP;T-UI-MPA-RSP-016;REC-00884;;;;
;;SSRS-MPA-206;MPA-SIP;"	
T-UI-MPA-RSP-017";REC-00884;;;;
;;SSRS-MPA-207;MPA-SIP;"	
T-SF-MPA-RSP-039";REC-00884;;;;
;;SSRS-MPA-208;MPA-SIP;T-UI-MPA-RSP-081;REC-00884;;;;
;;SSRS-MPA-209;MPA-SIP;"	
T-UI-MPA-RSP-081";REC-00884;;;;
;;SSRS-MPA-210;MPA-SIP;"	
T-UI-MPA-RSP-082";REC-00884;;;;
;;SSRS-MPA-211;MPA-SIP;T-UI-MPA-RSP-082;REC-00884;;;;
;;SSRS-MPA-212;MPA-SIP;"	
T-UI-MPA-RSP-082";REC-00884;;;;
;;SSRS-MPA-213;MPA-SIP;"	
T-UI-MPA-RSP-083";REC-00884;;;;
;;SSRS-MPA-214;MPA-SIP;"	
T-UI-MPA-RSP-084";REC-00884;;;;
;;SSRS-MPA-215;MPA-SIP;"T-UI-MPA-RSP-085

T-UI-MPA-RSP-087

T-UI-MPA-RSP-088";REC-00884;;;;
;;SSRS-MPA-216;MPA-SIP;"	
T-UI-MPA-RSP-087";REC-00884;;;;
;;SSRS-MPA-217;MPA-SIP;"T-UI-MPA-RSP-087

T-UI-MPA-RSP-088";REC-00884;;;;
;;SSRS-MPA-218;MPA-SIP;"T-UI-MPA-RSP-086

T-UI-MPA-RSP-087

T-UI-MPA-RSP-088";REC-00884;;;;
;;SSRS-MPA-219;MPA-SIP;"T-UI-MPA-RSP-086

T-UI-MPA-RSP-087

T-UI-MPA-RSP-088";REC-00884;;;;
;;SSRS-MPA-220;MPA-SIP;"T-UI-MPA-RSP-089

T-UI-MPA-RSP-090

T-UI-MPA-RSP-091";REC-00884;;;;
;;SSRS-MPA-221;MPA-SIP;"T-UI-MPA-RSP-089

T-UI-MPA-RSP-090

T-UI-MPA-RSP-091";REC-00884;;;;
;;SSRS-MPA-222;MPA-SIP;"T-UI-MPA-RSP-089

T-UI-MPA-RSP-090

T-UI-MPA-RSP-091";REC-00884;;;;
;;SSRS-MPA-223;MPA-SIP;"T-UI-MPA-RSP-089

T-UI-MPA-RSP-090

T-UI-MPA-RSP-091";REC-00884;;;;
;;SSRS-MPA-224;MPA-SIP;"T-UI-MPA-SIP-068

T-UI-MPA-SIP-069

T-UI-MPA-SIP-070";REC-00884;;;;
;;SSRS-MPA-225;MPA-SIP;"	
T-UI-MPA-RSP-089

T-UI-MPA-RSP-090

T-UI-MPA-RSP-091";REC-00884;;;;
;;SSRS-MPA-226;MPA-SIP;"	
T-UI-MPA-RSP-089

T-UI-MPA-RSP-090

T-UI-MPA-RSP-091";REC-00884;;;;
;;SSRS-MPA-228;MPA-SIP;T-SF-MPA-RSP-040;REC-00884;;;;
;;SSRS-MPA-229;MPA-SIP;"	
T-SF-MPA-RSP-040";REC-00884;;;;
;;SSRS-MPA-230;MPA-SIP;"T-SF-MPA-RSP-041,

T-SF-MPA-RSP-042,

T-SF-MPA-RSP-043,

T-SF-MPA-RSP-044,

T-SF-MPA-RSP-045";REC-00884;;;;
;;SSRS-MPA-231;MPA-SIP;"	
T-SF-MPA-RSP-042,

T-SF-MPA-RSP-043";REC-00884;;;;
;;SSRS-MPA-232;MPA-SIP;"	
T-SF-MPA-RSP-041";REC-00884;;;;
;;SSRS-MPA-233;MPA-SIP;"	
T-SF-MPA-RSP-042";REC-00884;;;;
;;SSRS-MPA-234;MPA-SIP;"	
T-SF-MPA-RSP-043";REC-00884;;;;
;;SSRS-MPA-235;MPA-SIP;"	
T-SF-MPA-RSP-044";REC-00884;;;;
;;SSRS-MPA-236;MPA-SIP;"	
T-SF-MPA-RSP-045";REC-00884;;;;
UR-057;With the system the user must be able to configure how often information that explains system features is displayed.;SSRS-MPA-207;MPA-SIP;"	
T-SF-MPA-RSP-039";REC-00884;;;;
;;SSRS-MPA-227;MPA-SIP;"	
T-SF-MPA-RSP-041";REC-00884;;;;
;;SSRS-MPA-228;MPA-SIP;"	
T-SF-MPA-RSP-040";REC-00884;;;;
;;SSRS-MPA-236;MPA-SIP;"	
T-SF-MPA-RSP-045";REC-00884;;;;
UR-058;With the system the user must be able to receive an overview image in a resolution high enough to identify an ROI on a sample.;OP-OV-001;;;REC-00539;;;;
;;OP-OV-002;;;",
REC-00906
REC-00539 REC-00065";;;;
;;OP-OV-003;;;"REC-00539
REC-00072";;;;
;;OP-OV-004;;;REC-00539;;;;
;;OP-OV-005;;;REC-00539;;;;
;;OP-OV-006;;;REC-00539;;;;
;;OP-OV-008;;;REC-00539;;;;
;;OP-OV-010;;;REC-00539;;;;
;;XY-EL-003;;;REC-00065;;;;
;;Z-EL-003;;;REC-00072;;;;
UR-060;With the system the user must be able to read the user interface and controls in a language he understand s.;SSRS-MPA-002;"MPA, MPA-SIP

";"T-UI-MPA-002

T-UI-MPA-RSP-002";REC-00884;;;;
;;SSRS-MPA-003;"MPA, MPA-SIP

";" T-UI-MPA-003 

T-UI-MPA-RSP-003";REC-00884;;;;
;;SSRS-MPA-014;MPA;T-UI-MPA-014 ;REC-00884;;;;
;;SSRS-MPA-081;MPA;T-UI-MPA-038;REC-00884;;;;
;;SSRS-MPA-082;MPA;T-UI-MPA-039;REC-00884;;;;
;;SSRS-MPA-083;MPA;;REC-00884;;;;
;;SSRS-MPA-084;MPA;T-UI-MPA-040;REC-00884;;;;
;;SSRS-MPA-085;MPA;T-UI-MPA-041;REC-00884;;;;
;;SSRS-MPA-119;"MPA, MPA-SIP
";"
T-S-MPA-017

T-S-MPA-RSP-001";REC-00884;;;;
UR-062;With the system the user must be able to mark a specific POI (Point of Interest).;SSRS-MPA-039;"MPA-SIP

";"T-UI-MPA-RSP-012

T-IB-MPA-RSP-039";REC-00884;;;;
;;SSRS-MPA-047;MPA-SIP;T-UI-MPA-RSP-023;REC-00884;;;;
;;SSRS-MPA-067;MPA-SIP;T-UI-MPA-RSP-043;REC-00884;;;;
;;SSRS-MPA-068;"MPA-SIP
";"
T-UI-MPA-RSP-043

T-UI-MPA-RSP-054

T-UI-MPA-RSP-059

T-UI-MPA-RSP-064

T-UI-MPA-RSP-069

T-UI-MPA-RSP-074";REC-00884;;;;
;;SSRS-MPA-069;"MPA-SIP

";"T-UI-MPA-RSP-043

T-UI-MPA-RSP-054

T-UI-MPA-RSP-059

T-UI-MPA-RSP-064

T-UI-MPA-RSP-074

T-UI-MPA-RSP-044";REC-00884;;;;
;;SSRS-MPA-071;MPA-SIP;T-UI-MPA-RSP-045;REC-00884;;;;
;;SSRS-MPA-072;MPA-SIP;T-UI-MPA-RSP-046;REC-00884;;;;
;;SSRS-MPA-073;MPA-SIP;T-UI-MPA-RSP-047;REC-00884;;;;
;;SSRS-MPA-074;MPA-SIP;T-UI-MPA-RSP-048;REC-00884;;;;
;;SSRS-MPA-199;MPA-SIP;"T-IB-MPA-RSP-039

T-SF-MPA-RSP-026";REC-00884;;;;
;;SSRS-MPA-200;MPA-SIP;"	
T-SF-MPA-RSP-026";REC-00884;;;;
;;SSRS-MPA-201;MPA-SIP;"	
T-SF-MPA-RSP-027";REC-00884;;;;
;;SSRS-MPA-202;MPA-SIP;T-SF-MPA-RSP-028;REC-00884;;;;
;;SSRS-MPA-203;MPA-SIP;"T-IB-MPA-RSP-046

T-SF-MPA-RSP-027";REC-00884;;;;
UR-063;With the system the user must be able to make a note to a marked POI.;SSRS-MPA-055;MPA-SIP;T-UI-MPA-RSP-031;REC-00884;;;;
;;SSRS-MPA-056;MPA-SIP;T-UI-MPA-RSP-032;REC-00884;;;;
;;SSRS-MPA-075;"MPA-SIP
";"
T-UI-MPA-RSP-043

T-UI-MPA-RSP-054

T-UI-MPA-RSP-059

T-UI-MPA-RSP-064

T-UI-MPA-RSP-069

T-UI-MPA-RSP-074";REC-00884;;;;
UR-064;With the system the user must be able to move between several marked POIs.;SSRS-MPA-057;MPA-SIP;T-UI-MPA-RSP-033;REC-00884;;;;
;;SSRS-MPA-058;MPA-SIP;T-UI-MPA-RSP-034;REC-00884;;;;
UR-065;With the system the user must be able to see an overview of all annotations.;SSRS-MPA-054;MPA-SIP;T-UI-MPA-RSP-030;REC-00884;;;;
;;SSRS-MPA-057;MPA-SIP;T-UI-MPA-RSP-033;REC-00884;;;;
;;SSRS-MPA-060;MPA-SIP;T-UI-MPA-RSP-036;REC-00884;;;;
UR-066;With the system the user must be able to see as much of the sample as possible.;SSRS-MPA-004;"MPA

  ";T-UI-MPA-004;REC-00884;;;;
;;SSRS-MPA-008;MPA, MPA-SIP;T-UI-MPA-008 ;REC-00884;;;;
;;SSRS-MPA-015;"MPA

"; T-UI-MPA-015 T-IB-MPA-001;REC-00884;;;;
;;SSRS-MPA-038;"MPA-SIP

";"T-UI-MPA-RSP-010

T-IB-MPA-RSP-016";REC-00884;;;;
;;SSRS-MPA-048;MPA-SIP;T-UI-MPA-RSP-024;REC-00884;;;;
;;SSRS-MPA-054;MPA-SIP;T-UI-MPA-RSP-030;REC-00884;;;;
UR-067;With the system the user must be able to hide an annotation so that the sample is fully visible.;SSRS-MPA-058;MPA-SIP;T-UI-MPA-RSP-034;REC-00884;;;;
UR-068;With the system the user must be able to change the color of annotations.;SSRS-MPA-058;MPA-SIP;T-UI-MPA-RSP-034;REC-00884;;;;
;;SSRS-MPA-059;"MPA-SIP

";"T-UI-MPA-RSP-035

T-IB-MPA-RSP-047

T-IB-MPA-RSP-048";REC-00884;;;;
UR-069;With the system the user must be able to change the font size of an annotation description.;SSRS-MPA-058;MPA-SIP;T-UI-MPA-RSP-034;REC-00884;;;;
;;SSRS-MPA-059;"MPA-SIP

";"T-UI-MPA-RSP-035

T-IB-MPA-RSP-047

T-IB-MPA-RSP-048";REC-00884;;;;
;;SSRS-MPA-070;"MPA-SIP

";"T-UI-MPA-RSP-043

T-UI-MPA-RSP-054

T-UI-MPA-RSP-059

T-UI-MPA-RSP-064

T-UI-MPA-RSP-074";REC-00884;;;;
UR-072;With the system the user must be able to know when the microscope is working.;SSRS-MPA-007;MPA;T-UI-MPA-007 ;REC-00884;;;;
;;SSRS-MPA-041;MPA-SIP;T-UI-MPA-RSP-015;REC-00884;;;;
;;SSRS-MPA-157;MPA-SIP;T-SF-MPA-RSP-031;REC-00884;;;;
;;SSRS-MPA-193;MPA-SIP;T-SF-MPA-RSP-021;REC-00884;;;;
;;XY-FW-019;;;"REC-00085 REC-00263
REC-00901";;;;
;;Z-FW-019;;;, REC-00520;;;;
UR-073;With the system the user must be able to identify the location of an annotation from the list of annotations and vise versa.;SSRS-MPA-061;MPA-SIP;T-UI-MPA-RSP-037;REC-00884;;;;
UR-074;With the system the user must be able to to use hotkeys for common functions.;SSRS-MPA-059;"MPA-SIP

";"T-UI-MPA-RSP-035

T-IB-MPA-RSP-047

T-IB-MPA-RSP-048";REC-00884;;;;
;;SSRS-MPA-145;MPA;"T-SF-MPA-016

T-SF-MPA-018";REC-00884;;;;
;;SSRS-MPA-168;MPA;"	
T-IB-MPA-RSP-007

T-SF-MPA-RSP-001";REC-00884;;;;
;;SSRS-MPA-171;MPA;"T-IB-MPA-RSP-008

T-IB-MPA-RSP-009

T-SF-MPA-RSP-002";REC-00884;;;;
;;SSRS-MPA-175;MPA;"	
T-SF-MPA-RSP-004";REC-00884;;;;
;;SSRS-MPA-176;MPA;"	
T-SF-MPA-RSP-005";REC-00884;;;;
;;SSRS-MPA-177;"	
MPA-SIP";"	
T-IB-MPA-RSP-010

T-SF-MPA-RSP-007";REC-00884;;;PIO22RM-033;
;;SSRS-MPA-178;"	
MPA-SIP";"	
T-SF-MPA-RSP-008";REC-00884;;;;
;;SSRS-MPA-179;"	
MPA-SIP";"T-IB-MPA-RSP-011

T-SF-MPA-RSP-009";REC-00884;;;;
;;SSRS-MPA-186;MPA-SIP;"	
T-IB-MPA-RSP-012

T-SF-MPA-RSP-016";REC-00884;;;;
;;SSRS-MPA-191;MPA-SIP;T-SF-MPA-RSP-021;REC-00884;;;;
;;SSRS-MPA-194;MPA-SIP;"T-IB-MPA-RSP-013

T-SF-MPA-RSP-022";REC-00884;;;;
;;SSRS-MPA-199;MPA-SIP;"T-IB-MPA-RSP-039

T-SF-MPA-RSP-026";REC-00884;;;;
UR-075;With the system the user must be able to create a screenshot;SSRS-MPA-037;"MPA-SIP

";"T-UI-MPA-RSP-009

T-IB-MPA-RSP-013";REC-00884;;;;
;;SSRS-MPA-194;MPA-SIP;"T-IB-MPA-RSP-013

T-SF-MPA-RSP-022";REC-00884;;;;
;;SSRS-MPA-197;MPA-SIP;T-SF-MPA-RSP-024;REC-00884;;;;
UR-076;With the system the user must be able to store screenshots;SSRS-MPA-195;MPA-SIP;"T-IB-MPA-RSP-014

T-IB-MPA-RSP-015

T-SF-MPA-RSP-022";REC-00884;;;;
;;SSRS-MPA-198;MPA-SIP;"	
T-SF-MPA-RSP-024

T-SF-MPA-RSP-025";REC-00884;;;;
UR-079;With the system the user must be able to save screenshots in common file formats.;SSRS-MPA-196;MPA-SIP;"	
T-SF-MPA-RSP-023";REC-00884;;;;
UR-080;The system shall be remotely controllable with the streaming software iO:Stream.;HPSRS-019;Host PC;VERIF-HPC-001;REC-00937, REC-00938, REC-00729, REC-00730;;;;
;;SSRS-MPA-250;MPA, MPC;T-UI-MPA-042;"REC-00884
REC-00863";;;;
;;SSRS-MPA-251;MPA ;"T-SF-STREAM-001
T-SF-STREAM-002";REC-00884;;;;
;;SSRS-MPA-252;MPA ;T-SF-STREAM-003;REC-00884;;;;
;;SSRS-MPA-253;MPA ;T-SF-STREAM-004;REC-00884;;;;
;;SSRS-MPA-254;MPA ;T-SF-STREAM-005;REC-00884;;;;
;;SSRS-MPA-255;MPA ;T-SF-STREAM-006;REC-00884;;;;
;;SSRS-MPA-256;MPA ;T-INT-MPA-STREAM-001;REC-00884;;;;
;;SSRS-MPA-257;MPA ;T-INT-MPA-STREAM-001;REC-00884;;;;
;;SSRS-MPA-258;MPA ;T-INT-MPA-STREAM-001;REC-00884;;;;
;;SSRS-MPA-259;MPA ;T-INT-MPA-STREAM-001;REC-00884;;;;
;;SSRS-MPA-260;MPA ;T-INT-MPA-STREAM-001;REC-00884;;;;
UR-081;The system shall provide the functionality to use the Ergopointer as an input device for the microscopy view.;HPSRS-015;Host PC;VERIF-HPC-001;REC-00937, REC-00938, REC-00729, REC-00730;;;;
;;SSRS-MPA-239;MPA, MPC;T-UI-MPA-043;"REC-00884
REC-00863";;;;
;;SSRS-MPA-240;MPC ;T-UNIT-MPNG-EP-001;REC-00863;;;;
;;SSRS-MPA-241;MPC ;T-UNIT-MPNG-EP-001;REC-00863;;;;
;;SSRS-MPA-242;MPC ;T-UNIT-MPNG-EP-002;REC-00863;;;;
;;SSRS-MPA-243;MPC ;T-UNIT-MPNG-EP-001;REC-00863;;;;
;;SSRS-MPA-244;MPA-SIP, MPC, PPCOM;T-SF-MPA-RSP-046;"REC-00884
REC-00863
REC-00625";;;;
;;SSRS-MPA-245;MPA, MPC;T-SF-MPA-RSP-047;"REC-00884
REC-00863";;;;
;;SSRS-MPA-246;MPA, MPC;T-SF-MPA-RSP-048;"REC-00884
REC-00863";;;;
;;SSRS-MPA-247;MPA;T-SF-MPA-RSP-049;REC-00884;;;;
;;SSRS-MPA-249;MPA, MPC;T-SF-MPA-RSP-051;"REC-00884
REC-00863";;;;
UR-082;The system shall provide the functionality to use an Ergopointer connected to the consumer of the streaming software as an input device for the microscopy view.;SSRS-MPA-239;MPA, MPC;T-UI-MPA-043;"REC-00884
REC-00863";;;;
;;SSRS-MPA-248;MPA, MPC;T-SF-MPA-RSP-050;"REC-00884
REC-00863";;;;
;;SSRS-MPA-249;MPA, MPC;T-SF-MPA-RSP-051;"REC-00884
REC-00863";;;;
;;SSRS-MPA-256;MPA;T-INT-MPA-STREAM-001;REC-00884;;;;
;;SSRS-MPA-257;MPA;T-INT-MPA-STREAM-001;REC-00884;;;;
;;SSRS-MPA-258;MPA;T-INT-MPA-STREAM-001;REC-00884;;;;
;;SSRS-MPA-259;MPA;T-INT-MPA-STREAM-001;REC-00884;;;;
;;;;;;;;;
;;;;;;;;;
;;;;;;;;;
;;;;;;;;;
;;;;;;;;;
;;;;;;;;;
;;;;;;;;;
;;;;;;;;;
;;;;;;;;;
;;;;;;;;;
;;;;;;;;;
;;;;;;;;;
;;;;;;;;;
;;;;;;;;;
;;;;;;;;;
;;;;;;;;;
;;;;;;;;;
;;;;;;;;;
;;;;;;;;;
;;;;;;;;;
;;;;;;;;;
;;;;;;;;;
;;;;;;;;;
;;;;;;;;;
;;;;;;;;;
;;;;;;;;;
;;;;;;;;;
;;;;;;;;;
;;;;;;;;;
;;;;;;;;;
;;;;;;;;;
;;;;;;;;;
;;;;;;;;;
;;;;;;;;;
;;;;;;;;;
;;;;;;;;;
;;;;;;;;;
;;;;;;;;;
;;;;;;;;;
;;;;;;;;;
;;;;;;;;;
;;;;;;;;;
;;;;;;;;;
;;;;;;;;;
;;;;;;;;;
;;;;;;;;;
;;;;;;;;;
;;;;;;;;;
;;;;;;;;;
;;;;;;;;;
;;;;;;;;;
;;;;;;;;;
;;;;;;;;;
;;;;;;;;;
;;;;;;;;;
;;;;;;;;;
;;;;;;;;;
;;;;;;;;;
;;;;;;;;;
;;;;;;;;;
;;;;;;;;;
;;;;;;;;;
;;;;;;;;;
;;;;;;;;;
;;;;;;;;;
;;;;;;;;;
;;;;;;;;;
;;;;;;;;;
;;;;;;;;;
;;;;;;;;;
;;;;;;;;;
;;;;;;;;;
;;;;;;;;;
;;;;;;;;;
;;;;;;;;;
;;;;;;;;;
;;;;;;;;;
;;;;;;;;;
;;;;;;;;;
;;;;;;;;;
;;;;;;;;;
;;;;;;;;;
;;;;;;;;;
;;;;;;;;;
;;;;;;;;;
;;;;;;;;;
;;;;;;;;;
;;;;;;;;;
;;;;;;;;;
;;;;;;;;;
;;;;;;;;;
;;;;;;;;;
;;;;;;;;;
;;;;;;;;;
;;;;;;;;;
;;;;;;;;;
;;;;;;;;;
;;;;;;;;;
;;;;;;;;;
;;;;;;;;;
;;;;;;;;;
;;;;;;;;;
;;;;;;;;;
;;;;;;;;;
;;;;;;;;;
;;;;;;;;;
;;;;;;;;;
;;;;;;;;;
;;;;;;;;;
;;;;;;;;;
;;;;;;;;;
;;;;;;;;;
;;;;;;;;;
;;;;;;;;;
;;;;;;;;;
;;;;;;;;;
;;;;;;;;;
;;;;;;;;;
;;;;;;;;;
;;;;;;;;;
;;;;;;;;;
;;;;;;;;;
;;;;;;;;;
;;;;;;;;;
;;;;;;;;;
;;;;;;;;;
;;;;;;;;;
;;;;;;;;;
;;;;;;;;;
;;;;;;;;;
;;;;;;;;;
;;;;;;;;;
;;;;;;;;;
;;;;;;;;;
;;;;;;;;;
;;;;;;;;;
;;;;;;;;;
;;;;;;;;;
;;;;;;;;;
;;;;;;;;;
;;;;;;;;;
;;;;;;;;;
;;;;;;;;;
